,date,open,close,high,low,volume,code
0,2004-08-13,7.51,7.02,8.05,6.92,698829.46,600987
1,2004-08-20,6.97,6.32,7.02,6.11,153582.82,600987
2,2004-08-27,6.2,6.44,6.88,6.14,221309.05,600987
3,2004-09-03,6.4,6.27,6.66,6.21,108230.81,600987
4,2004-09-10,6.25,6.07,6.35,5.95,50382.81,600987
5,2004-09-17,6.05,6.79,6.8,5.85,215943.03,600987
6,2004-09-24,6.84,6.67,7.12,6.62,255994.83,600987
7,2004-09-30,6.72,6.5,6.83,6.48,51855.2,600987
8,2004-10-08,6.46,6.7,6.71,6.37,10780.24,600987
9,2004-10-15,6.66,5.99,6.84,5.91,70226.97,600987
10,2004-10-22,6.17,5.7,6.34,5.5,79203.56,600987
11,2004-10-29,5.81,5.67,5.92,5.53,65904.35,600987
12,2004-11-05,5.61,5.74,5.85,5.56,52737.61,600987
13,2004-11-12,5.74,5.88,6.08,5.7,82059.01,600987
14,2004-11-19,5.88,5.99,6.05,5.81,43646.26,600987
15,2004-11-26,6.03,5.95,6.12,5.92,52697.4,600987
16,2004-12-03,5.92,6.07,6.1,5.88,38082.06,600987
17,2004-12-10,6.07,5.78,6.07,5.78,28615.87,600987
18,2004-12-17,5.75,5.63,5.84,5.55,24816.53,600987
19,2004-12-24,5.6,5.67,5.81,5.58,26288.25,600987
20,2004-12-31,5.67,5.55,5.74,5.47,23534.78,600987
21,2005-01-07,5.48,5.39,5.48,5.29,15267.77,600987
22,2005-01-14,5.58,5.32,5.58,5.31,16258.71,600987
23,2005-01-21,5.28,4.96,5.28,4.76,40465.62,600987
24,2005-01-28,5.0,4.8,5.11,4.79,40065.81,600987
25,2005-02-04,4.84,4.99,5.05,4.6,46859.61,600987
26,2005-02-18,4.99,4.93,5.03,4.9,12331.5,600987
27,2005-02-25,4.93,5.16,5.29,4.91,64672.43,600987
28,2005-03-04,5.14,4.99,5.16,4.95,29862.47,600987
29,2005-03-11,4.99,5.02,5.22,4.98,36327.66,600987
30,2005-03-18,5.02,4.66,5.04,4.65,34531.7,600987
31,2005-03-25,4.73,4.43,4.74,4.34,22416.03,600987
32,2005-04-01,4.44,4.28,4.44,4.06,22069.58,600987
33,2005-04-08,4.28,4.41,4.44,4.07,36379.16,600987
34,2005-04-15,4.4,4.11,4.5,4.05,48027.45,600987
35,2005-04-22,4.08,3.59,4.14,3.43,43171.33,600987
36,2005-04-29,3.55,3.61,3.7,3.41,27104.9,600987
37,2005-05-13,3.57,3.47,3.63,3.32,18097.21,600987
38,2005-05-20,3.42,3.5,3.56,3.4,22718.98,600987
39,2005-05-27,3.48,3.23,3.48,3.1,39980.76,600987
40,2005-06-03,3.22,3.33,3.382,3.17,35410.28,600987
41,2005-06-10,3.32,3.567,3.866,3.196,104522.04,600987
42,2005-06-17,3.619,3.526,3.753,3.402,57124.78,600987
43,2005-06-24,3.495,3.722,3.794,3.495,83132.9,600987
44,2005-07-01,3.825,3.444,4.062,3.402,218166.25,600987
45,2005-07-08,3.402,3.567,3.639,3.31,112694.89,600987
46,2005-07-15,3.619,3.268,3.712,3.268,144936.18,600987
47,2005-07-22,3.196,3.062,3.196,2.928,63766.46,600987
48,2005-07-29,3.062,3.248,3.34,2.969,92388.04,600987
49,2005-08-05,3.217,3.361,3.382,3.186,85083.39,600987
50,2005-08-12,3.454,3.516,3.681,3.392,188623.86,600987
51,2005-08-19,3.475,3.557,3.763,3.464,133983.03,600987
52,2005-08-26,3.557,3.639,3.753,3.536,133685.86,600987
53,2005-09-02,3.65,3.825,3.897,3.567,146536.86,600987
54,2005-09-09,3.835,3.763,3.897,3.66,103847.68,600987
55,2005-09-16,3.743,4.176,4.227,3.743,317072.34,600987
56,2005-09-23,4.279,3.887,4.279,3.825,167955.26,600987
57,2005-09-30,3.866,3.67,3.887,3.639,62369.31,600987
58,2005-10-14,3.712,3.639,3.804,3.598,47612.15,600987
59,2005-10-21,3.639,3.557,3.67,3.464,43790.76,600987
60,2005-10-28,3.557,3.227,3.639,3.155,51636.58,600987
61,2005-11-04,3.248,3.31,3.361,3.176,26889.18,600987
62,2005-11-11,3.33,3.258,3.454,3.217,42996.84,600987
63,2005-11-18,3.248,3.392,3.392,3.227,28992.31,600987
64,2005-11-25,3.392,3.66,3.763,3.371,218449.12,600987
65,2005-12-02,3.609,3.598,3.691,3.433,70839.95,600987
66,2005-12-09,3.598,3.691,3.753,3.454,71109.15,600987
67,2005-12-16,3.712,3.712,3.825,3.639,73292.59,600987
68,2005-12-23,3.722,3.712,3.732,3.557,48880.94,600987
69,2005-12-29,3.712,3.681,3.732,3.65,33410.16,600987
70,2006-01-06,3.691,3.743,3.763,3.588,47305.91,600987
71,2006-01-13,3.732,3.866,3.897,3.722,98961.02,600987
72,2006-01-20,3.949,3.784,3.949,3.67,72147.56,600987
73,2006-01-25,3.763,3.774,3.897,3.691,46982.11,600987
74,2006-02-10,3.794,3.969,4.042,3.774,94532.32,600987
75,2006-02-17,3.959,3.774,4.011,3.753,63407.2,600987
76,2006-02-24,3.763,3.949,3.969,3.722,55975.43,600987
77,2006-03-03,3.918,3.794,3.959,3.753,55331.14,600987
78,2006-03-10,3.794,3.578,3.835,3.547,31280.91,600987
79,2006-03-17,3.609,3.629,3.681,3.567,21667.98,600987
80,2006-03-24,3.609,3.753,3.877,3.578,62502.36,600987
81,2006-03-31,3.743,3.835,3.918,3.722,60602.17,600987
82,2006-04-14,4.217,4.062,4.217,3.928,129668.42,600987
83,2006-04-21,4.052,4.227,4.299,4.042,147670.07,600987
84,2006-04-26,4.227,4.124,4.33,4.103,101228.65,600987
85,2006-05-26,3.64,3.677,3.725,3.386,228404.22,600987
86,2006-06-02,3.689,3.979,4.064,3.58,381673.33,600987
87,2006-06-09,4.003,3.846,4.305,3.725,380512.88,600987
88,2006-06-16,3.846,4.051,4.1,3.725,251490.99,600987
89,2006-06-23,4.051,3.991,4.148,3.87,182308.99,600987
90,2006-06-30,4.003,4.209,4.269,4.003,306167.14,600987
91,2006-07-07,4.305,4.184,4.33,4.064,231739.76,600987
92,2006-07-14,4.184,4.088,4.438,3.967,265419.92,600987
93,2006-07-21,4.051,4.257,4.293,4.027,151608.46,600987
94,2006-07-28,4.172,4.293,4.402,4.1,192326.97,600987
95,2006-08-04,4.257,3.967,4.293,3.955,96684.66,600987
96,2006-08-11,3.87,4.112,4.16,3.846,98373.93,600987
97,2006-08-18,4.136,3.955,4.136,3.93,66825.97,600987
98,2006-08-25,3.846,3.955,4.015,3.773,49668.73,600987
99,2006-09-01,3.955,3.882,4.1,3.87,102693.05,600987
100,2006-09-08,3.882,4.112,4.172,3.882,143888.54,600987
101,2006-09-15,4.136,4.1,4.209,3.991,141682.78,600987
102,2006-09-22,4.1,4.172,4.305,4.076,139806.4,600987
103,2006-09-29,4.124,4.245,4.305,4.112,100900.9,600987
104,2006-10-13,4.281,4.33,4.463,4.233,196504.47,600987
105,2006-10-20,4.342,4.245,4.414,4.221,100693.24,600987
106,2006-10-27,4.233,4.112,4.342,4.088,93210.99,600987
107,2006-11-03,4.112,4.197,4.221,4.088,69394.02,600987
108,2006-11-10,4.16,4.015,4.172,3.991,94931.5,600987
109,2006-11-17,4.015,3.979,4.039,3.846,66025.13,600987
110,2006-11-24,3.979,4.064,4.1,3.882,62396.17,600987
111,2006-12-01,4.076,4.221,4.221,4.003,121028.84,600987
112,2006-12-08,4.257,4.076,4.438,4.039,262754.98,600987
113,2006-12-15,4.051,4.293,4.414,4.051,127915.37,600987
114,2006-12-22,4.305,4.511,4.692,4.197,286819.39,600987
115,2006-12-29,4.511,4.293,4.608,4.209,234018.22,600987
116,2007-01-05,4.305,4.451,4.487,4.233,81349.02,600987
117,2007-01-12,4.426,4.62,5.019,4.426,417503.9,600987
118,2007-01-19,4.608,5.104,5.128,4.596,352232.21,600987
119,2007-01-26,5.237,5.478,5.539,5.043,439404.94,600987
120,2007-02-02,5.539,5.95,6.567,5.503,841525.65,600987
121,2007-02-09,6.18,6.24,6.543,6.144,779160.79,600987
122,2007-02-16,6.265,6.893,7.256,6.252,679873.27,600987
123,2007-03-02,7.014,6.519,7.317,6.204,429614.17,600987
124,2007-03-09,6.519,6.869,7.002,6.252,290906.23,600987
125,2007-03-16,6.869,6.869,7.268,6.785,447598.6,600987
126,2007-03-23,6.7,7.377,7.426,6.603,400021.24,600987
127,2007-03-30,7.546,7.776,8.163,7.45,522227.14,600987
128,2007-04-06,7.716,8.393,8.55,7.716,387259.96,600987
129,2007-04-13,8.574,9.143,9.518,8.357,635900.07,600987
130,2007-04-20,9.264,10.461,11.029,9.167,890225.04,600987
131,2007-04-27,10.461,11.84,12.069,10.268,689841.58,600987
132,2007-05-11,12.541,13.376,13.436,12.396,780706.41,600987
133,2007-05-18,13.617,13.505,13.811,12.106,665053.25,600987
134,2007-05-25,13.089,13.725,15.046,12.967,617592.94,600987
135,2007-06-01,13.823,10.202,14.19,10.202,688176.68,600987
136,2007-06-08,10.288,10.324,10.643,8.269,585665.4,600987
137,2007-06-15,10.337,10.349,11.107,9.542,465179.42,600987
138,2007-06-22,10.483,9.419,11.058,9.199,362022.69,600987
139,2007-06-29,9.419,8.367,9.542,7.976,273457.45,600987
140,2007-07-06,8.416,8.661,8.942,7.951,166044.68,600987
141,2007-07-13,8.698,8.734,9.064,8.563,141079.98,600987
142,2007-07-20,8.808,8.881,8.942,8.171,115407.87,600987
143,2007-07-27,8.93,9.884,9.896,8.881,297513.23,600987
144,2007-08-03,9.982,10.643,11.364,9.419,431877.44,600987
145,2007-08-10,10.618,9.945,10.814,9.639,278425.62,600987
146,2007-08-17,9.933,10.165,10.496,9.798,199948.53,600987
147,2007-08-24,10.288,11.254,11.303,10.263,366365.12,600987
148,2007-08-31,11.499,11.254,11.621,10.716,382205.48,600987
149,2007-09-07,11.364,11.315,11.621,10.997,222436.06,600987
150,2007-09-14,11.328,10.753,11.792,10.19,294069.93,600987
151,2007-09-21,10.765,10.875,11.242,10.643,193479.42,600987
152,2007-09-28,11.009,10.948,11.071,10.581,134157.07,600987
153,2007-10-12,11.095,10.141,11.169,9.725,184165.85,600987
154,2007-10-19,10.153,9.798,10.214,9.676,113019.99,600987
155,2007-10-26,9.713,8.587,9.909,8.379,91055.76,600987
156,2007-11-02,8.624,8.918,9.542,8.477,91554.45,600987
157,2007-11-09,8.93,8.771,9.285,8.624,58845.08,600987
158,2007-11-16,8.734,9.064,9.211,8.538,64678.25,600987
159,2007-11-23,9.077,9.101,9.603,8.783,97516.39,600987
160,2007-11-30,9.199,9.113,9.321,8.93,61483.24,600987
161,2007-12-07,9.113,9.444,9.505,9.052,73236.22,600987
162,2007-12-14,9.395,9.994,10.031,9.199,143198.4,600987
163,2007-12-21,10.068,10.373,10.569,9.798,137114.77,600987
164,2007-12-28,10.581,10.422,10.814,10.251,135954.49,600987
165,2008-01-04,10.52,10.997,11.156,10.422,96816.8,600987
166,2008-01-11,10.997,10.85,11.279,10.716,171314.56,600987
167,2008-01-18,10.887,11.046,11.45,10.459,226310.85,600987
168,2008-01-25,11.095,10.386,11.376,9.615,200578.46,600987
169,2008-02-01,10.41,9.26,10.483,8.808,82894.73,600987
170,2008-02-05,9.48,9.994,10.08,9.444,30291.6,600987
171,2008-02-15,9.847,10.055,10.19,9.737,34481.14,600987
172,2008-02-22,10.251,10.386,10.655,10.043,104280.8,600987
173,2008-02-29,10.386,10.826,10.973,9.994,134068.0,600987
174,2008-03-07,10.826,10.814,11.743,10.704,223142.72,600987
175,2008-03-14,10.618,10.165,10.961,9.909,94108.41,600987
176,2008-03-21,10.104,9.652,10.239,8.563,91287.19,600987
177,2008-03-28,9.762,9.909,10.178,9.089,85541.67,600987
178,2008-04-03,10.214,10.765,10.961,9.762,306162.57,600987
179,2008-04-11,10.643,11.792,12.196,10.496,679171.85,600987
180,2008-04-18,11.523,9.064,11.523,8.905,367269.63,600987
181,2008-04-25,8.869,10.349,10.936,8.563,261647.4,600987
182,2008-04-30,10.276,10.997,11.071,10.08,182781.09,600987
183,2008-05-09,11.107,11.425,11.719,10.581,382607.97,600987
184,2008-05-16,11.425,10.974,11.829,10.666,376954.59,600987
185,2008-05-23,10.942,9.726,11.006,9.239,203192.15,600987
186,2008-05-30,9.726,9.531,10.115,9.402,125737.18,600987
187,2008-06-06,9.531,8.98,9.71,8.834,90312.26,600987
188,2008-06-13,8.64,7.392,8.737,7.311,87639.9,600987
189,2008-06-20,7.343,6.516,7.537,6.014,147737.14,600987
190,2008-06-27,6.419,6.403,7.197,6.208,117231.28,600987
191,2008-07-04,6.403,6.759,6.776,6.16,78119.94,600987
192,2008-07-11,6.792,6.954,7.44,6.727,159074.79,600987
193,2008-07-18,6.905,6.905,7.44,6.451,124297.7,600987
194,2008-07-25,6.873,7.262,7.359,6.873,122885.14,600987
195,2008-08-01,7.262,7.456,7.991,7.197,258426.9,600987
196,2008-08-08,7.375,6.387,7.424,6.354,94158.1,600987
197,2008-08-15,6.435,6.176,6.565,5.835,75369.16,600987
198,2008-08-21,6.257,5.981,6.322,5.528,65417.1,600987
199,2008-08-29,5.852,5.738,6.03,5.414,41973.34,600987
200,2008-09-05,5.673,5.56,5.917,5.479,56664.26,600987
201,2008-09-12,5.592,5.382,5.673,5.268,33298.87,600987
202,2008-09-19,5.365,5.479,5.479,4.782,54941.82,600987
203,2008-09-26,5.706,5.333,5.998,5.041,104465.31,600987
204,2008-10-10,5.317,5.074,5.317,4.895,102443.48,600987
205,2008-10-17,5.041,4.749,5.446,4.701,111946.71,600987
206,2008-10-24,4.717,4.814,5.106,4.652,91505.28,600987
207,2008-10-31,4.782,4.604,4.814,4.344,61539.09,600987
208,2008-11-07,4.571,5.009,5.349,4.539,425551.22,600987
209,2008-11-14,5.009,5.592,5.609,4.993,390236.3,600987
210,2008-11-21,5.446,5.609,5.933,5.122,374054.29,600987
211,2008-11-28,5.495,5.106,5.657,5.009,183382.15,600987
212,2008-12-05,5.106,6.241,6.614,5.041,777430.2,600987
213,2008-12-12,6.208,5.625,6.451,5.528,468050.81,600987
214,2008-12-19,5.706,5.949,6.079,5.528,209512.41,600987
215,2008-12-26,6.046,5.284,6.046,5.252,172534.32,600987
216,2008-12-31,5.268,5.122,5.284,5.057,54480.85,600987
217,2009-01-09,5.187,5.43,5.528,5.171,129686.34,600987
218,2009-01-16,5.398,6.079,6.241,5.365,422355.63,600987
219,2009-01-23,6.289,5.884,6.695,5.771,394063.71,600987
220,2009-02-06,5.917,6.549,6.581,5.835,531741.87,600987
221,2009-02-13,6.743,7.035,7.084,6.484,716079.27,600987
222,2009-02-20,7.181,7.537,7.845,7.019,1051380.14,600987
223,2009-02-27,7.537,6.257,8.17,6.225,697331.41,600987
224,2009-03-06,6.257,6.776,6.97,6.16,347085.09,600987
225,2009-03-13,6.857,6.63,7.148,6.419,478337.34,600987
226,2009-03-20,6.581,7.132,7.424,6.533,459864.65,600987
227,2009-03-27,7.181,7.278,7.311,6.97,342242.06,600987
228,2009-04-03,7.311,7.716,8.089,7.132,790746.42,600987
229,2009-04-10,7.781,7.878,7.894,7.424,253150.6,600987
230,2009-04-17,7.927,7.991,8.299,7.862,461162.16,600987
231,2009-04-24,7.991,8.008,8.575,7.91,450574.69,600987
232,2009-04-30,8.024,8.137,8.202,7.586,179721.12,600987
233,2009-05-08,8.17,8.461,8.656,8.137,365021.17,600987
234,2009-05-15,8.542,8.624,8.824,8.251,368512.83,600987
235,2009-05-22,8.608,8.324,8.741,8.191,294208.18,600987
236,2009-05-27,8.09,8.858,8.925,8.024,278732.74,600987
237,2009-06-05,8.925,8.841,9.308,8.691,445749.8,600987
238,2009-06-12,8.841,8.558,9.225,8.507,303059.87,600987
239,2009-06-19,8.591,8.941,8.975,8.541,205179.75,600987
240,2009-06-26,8.991,9.175,10.025,8.774,818648.87,600987
241,2009-07-03,9.208,9.275,9.342,8.958,297275.52,600987
242,2009-07-10,9.292,9.825,9.842,9.091,470589.47,600987
243,2009-07-17,9.825,9.759,10.092,9.675,530759.13,600987
244,2009-07-24,9.809,9.809,10.059,9.592,363912.66,600987
245,2009-07-31,9.775,10.876,11.06,9.608,867829.44,600987
246,2009-08-07,10.876,10.593,11.41,10.509,567331.51,600987
247,2009-08-14,10.759,9.742,11.076,9.675,348586.95,600987
248,2009-08-21,9.658,10.609,10.743,9.175,606636.36,600987
249,2009-08-28,10.709,10.443,11.543,10.226,921049.23,600987
250,2009-09-04,10.259,10.192,10.309,9.342,367993.7,600987
251,2009-09-11,10.242,11.627,11.827,10.226,732975.23,600987
252,2009-09-18,11.627,11.427,12.027,11.193,698928.5,600987
253,2009-09-25,11.36,11.093,12.277,10.843,506909.64,600987
254,2009-09-30,11.193,10.86,11.26,10.092,177383.12,600987
255,2009-10-09,10.976,11.76,11.844,10.976,112774.83,600987
256,2009-10-16,11.66,11.86,12.011,11.176,411595.53,600987
257,2009-10-23,11.827,12.644,12.945,11.76,604070.56,600987
258,2009-10-30,12.628,12.411,12.761,11.744,413983.08,600987
259,2009-11-06,12.261,13.112,13.612,12.161,585112.86,600987
260,2009-11-13,13.145,13.328,13.645,12.911,382273.53,600987
261,2009-11-20,13.428,14.162,14.396,13.328,454946.03,600987
262,2009-11-27,14.179,12.945,14.579,12.728,538127.6,600987
263,2009-12-04,13.145,13.829,14.529,13.011,442965.14,600987
264,2009-12-11,13.879,13.962,14.429,13.695,261738.47,600987
265,2009-12-18,13.962,13.128,13.996,12.911,237544.96,600987
266,2009-12-25,13.128,14.062,14.379,12.978,332402.31,600987
267,2009-12-31,14.096,14.997,15.263,14.062,443729.26,600987
268,2010-01-08,14.997,14.479,15.247,14.129,306784.05,600987
269,2010-01-15,14.529,15.881,16.248,14.329,461797.52,600987
270,2010-01-22,15.931,15.03,17.849,14.93,500974.13,600987
271,2010-01-29,14.997,14.813,15.163,14.313,238357.38,600987
272,2010-02-05,14.813,14.212,14.896,13.395,213814.16,600987
273,2010-02-12,14.313,14.663,14.813,14.029,92181.84,600987
274,2010-02-26,14.68,15.414,15.764,14.546,214801.38,600987
275,2010-03-05,15.347,15.297,16.097,15.063,285910.82,600987
276,2010-03-12,15.313,14.63,15.647,14.513,200182.52,600987
277,2010-03-19,14.73,15.263,15.33,14.179,157030.63,600987
278,2010-03-26,15.28,14.88,15.297,14.429,175476.83,600987
279,2010-04-02,14.93,15.48,15.497,14.763,311562.98,600987
280,2010-04-09,15.497,16.364,16.932,15.23,381919.64,600987
281,2010-04-16,16.264,15.897,16.598,15.514,354969.12,600987
282,2010-04-23,15.814,15.297,15.864,14.896,257321.93,600987
283,2010-04-30,15.33,13.362,15.53,13.045,192789.94,600987
284,2010-05-07,13.145,13.011,13.845,12.828,73218.02,600987
285,2010-05-14,12.961,12.211,13.162,11.76,116757.65,600987
286,2010-05-21,12.161,11.06,12.161,10.443,133650.32,600987
287,2010-05-28,11.16,11.827,12.011,11.16,125440.06,600987
288,2010-06-04,11.794,11.408,11.927,10.964,76852.09,600987
289,2010-06-11,11.152,12.175,12.362,11.101,125275.9,600987
290,2010-06-18,12.226,11.391,12.328,11.254,38643.69,600987
291,2010-06-25,11.356,11.749,12.397,11.339,104860.49,600987
292,2010-07-02,11.646,10.896,11.834,10.453,68528.15,600987
293,2010-07-09,10.743,11.391,11.442,10.521,75517.3,600987
294,2010-07-16,11.408,11.629,11.919,11.237,116316.49,600987
295,2010-07-23,11.527,12.414,12.755,11.408,194041.66,600987
296,2010-07-30,12.414,13.045,13.181,12.141,249447.86,600987
297,2010-08-06,13.437,14.136,14.494,13.215,618342.39,600987
298,2010-08-13,14.119,13.692,14.528,13.334,241770.77,600987
299,2010-08-20,13.641,13.727,14.221,13.607,326801.54,600987
300,2010-08-27,13.795,14.511,14.988,13.727,361671.52,600987
301,2010-09-03,14.528,14.375,14.937,14.136,256160.0,600987
302,2010-09-10,14.357,15.21,15.261,14.272,328229.0,600987
303,2010-09-17,15.261,14.289,15.739,14.153,349430.0,600987
304,2010-09-21,14.323,14.801,14.92,14.153,64614.0,600987
305,2010-09-30,14.937,15.824,16.063,14.937,212035.0,600987
306,2010-10-08,15.892,16.318,16.54,15.892,70912.0,600987
307,2010-10-15,16.353,15.415,16.455,15.159,303015.0,600987
308,2010-10-22,15.415,15.227,15.585,14.647,273429.0,600987
309,2010-10-29,15.193,15.619,16.131,15.125,479279.0,600987
310,2010-11-05,15.653,15.977,16.438,15.636,387671.0,600987
311,2010-11-12,15.977,15.483,17.256,15.364,518505.0,600987
312,2010-11-19,15.449,14.835,15.994,14.306,266162.0,600987
313,2010-11-26,14.75,16.131,17.018,14.647,558970.0,600987
314,2010-12-03,16.029,15.244,16.404,15.142,203579.0,600987
315,2010-12-10,15.278,15.005,15.483,14.699,125100.0,600987
316,2010-12-17,14.92,15.432,15.636,14.92,143353.0,600987
317,2010-12-24,15.466,14.443,15.551,14.409,148161.0,600987
318,2010-12-31,14.545,14.784,14.971,13.454,176347.0,600987
319,2011-01-07,14.767,14.443,14.937,14.34,162240.0,600987
320,2011-01-14,14.392,13.624,14.443,13.471,117066.0,600987
321,2011-01-21,13.522,12.908,13.624,12.618,140170.0,600987
322,2011-01-28,12.908,13.027,13.096,12.448,78982.0,600987
323,2011-02-01,12.959,13.3,13.556,12.959,57203.0,600987
324,2011-02-11,13.283,13.897,14.119,13.062,85919.0,600987
325,2011-02-18,13.829,13.965,14.579,13.761,196775.0,600987
326,2011-02-25,13.863,14.306,14.426,13.778,178959.0,600987
327,2011-03-04,14.255,14.562,15.176,14.187,391243.0,600987
328,2011-03-11,14.63,14.835,15.602,14.494,302153.0,600987
329,2011-03-18,14.801,14.801,15.364,14.562,228290.0,600987
330,2011-03-25,14.716,15.67,15.739,14.63,266057.0,600987
331,2011-04-01,15.67,15.176,15.909,14.835,301821.0,600987
332,2011-04-08,15.159,15.739,15.824,15.125,168843.0,600987
333,2011-04-15,15.773,15.381,15.909,15.159,285834.0,600987
334,2011-04-22,15.329,15.892,15.994,15.142,308060.0,600987
335,2011-04-29,15.807,14.699,15.943,14.289,224474.0,600987
336,2011-05-06,14.75,14.664,14.92,14.153,90266.0,600987
337,2011-05-13,14.681,15.261,15.381,14.579,182803.0,600987
338,2011-05-20,15.193,14.835,15.551,14.767,193451.0,600987
339,2011-05-27,14.869,13.01,14.886,12.874,114396.0,600987
340,2011-06-03,12.942,13.358,13.427,12.84,70205.0,600987
341,2011-06-10,13.253,13.183,13.55,12.939,55140.0,600987
342,2011-06-17,13.113,12.554,13.41,12.554,74975.0,600987
343,2011-06-24,12.397,12.851,12.956,12.153,98325.0,600987
344,2011-07-01,12.886,13.2,13.253,12.712,104546.0,600987
345,2011-07-08,13.166,13.48,13.55,13.113,109610.0,600987
346,2011-07-15,13.41,13.707,13.812,13.183,109449.0,600987
347,2011-07-22,13.759,13.288,13.759,13.183,65592.0,600987
348,2011-07-29,13.131,13.619,13.672,12.694,116347.0,600987
349,2011-08-05,13.619,13.707,13.969,13.27,82933.0,600987
350,2011-08-12,13.619,13.864,14.056,12.31,246847.0,600987
351,2011-08-19,13.829,13.392,14.091,13.235,182499.0,600987
352,2011-08-26,13.392,13.777,13.899,13.183,119975.0,600987
353,2011-09-02,13.707,12.956,13.864,12.956,110534.0,600987
354,2011-09-09,12.799,12.589,12.921,12.327,77980.0,600987
355,2011-09-16,12.397,12.502,12.746,12.258,45978.0,600987
356,2011-09-23,12.432,12.135,12.624,11.961,59637.0,600987
357,2011-09-30,12.083,11.35,12.258,11.28,43722.0,600987
358,2011-10-14,11.385,11.821,11.978,11.315,49071.0,600987
359,2011-10-21,11.838,12.083,12.17,11.594,86412.0,600987
360,2011-10-28,12.048,12.537,12.659,11.943,144231.0,600987
361,2011-11-04,12.537,12.659,12.746,12.1,102299.0,600987
362,2011-11-11,12.659,12.502,12.712,12.31,83864.0,600987
363,2011-11-18,12.572,11.873,12.764,11.856,85416.0,600987
364,2011-11-25,11.943,11.646,11.996,11.611,51383.0,600987
365,2011-12-02,11.646,12.118,12.292,11.315,116906.0,600987
366,2011-12-09,11.996,11.559,12.799,11.507,260695.0,600987
367,2011-12-16,11.577,10.546,11.681,10.267,56737.0,600987
368,2011-12-23,10.546,9.97,10.669,9.691,61972.0,600987
369,2011-12-30,9.988,9.778,10.057,9.307,49517.0,600987
370,2012-01-06,9.865,9.586,9.865,9.342,25266.0,600987
371,2012-01-13,9.551,9.813,10.372,9.464,82079.0,600987
372,2012-01-20,9.708,10.354,10.407,9.656,82144.0,600987
373,2012-02-03,10.389,10.424,10.459,10.127,52315.0,600987
374,2012-02-10,10.407,10.581,10.669,10.145,86785.0,600987
375,2012-02-17,10.494,10.826,10.913,10.477,84130.0,600987
376,2012-02-24,10.931,11.367,11.402,10.686,121637.0,600987
377,2012-03-02,11.367,11.821,11.961,11.192,172870.0,600987
378,2012-03-09,11.838,11.699,11.978,11.367,128916.0,600987
379,2012-03-16,11.699,11.123,11.751,10.826,150815.0,600987
380,2012-03-23,11.123,10.896,11.315,10.861,59070.0,600987
381,2012-03-30,10.878,10.162,11.0,10.04,65754.0,600987
382,2012-04-06,10.232,10.494,10.634,10.18,20869.0,600987
383,2012-04-13,10.477,11.419,11.577,10.424,164584.0,600987
384,2012-04-20,11.35,11.577,11.611,11.14,134164.0,600987
385,2012-04-27,11.559,11.646,11.908,11.105,137255.0,600987
386,2012-05-04,11.734,11.873,11.961,11.629,73907.0,600987
387,2012-05-11,11.804,11.315,11.838,11.28,72718.0,600987
388,2012-05-18,11.437,11.35,11.611,11.105,67320.0,600987
389,2012-05-25,11.35,11.035,11.454,10.931,48442.0,600987
390,2012-06-01,11.123,11.524,11.594,10.913,81461.0,600987
391,2012-06-08,11.164,10.911,11.254,10.857,51439.0,600987
392,2012-06-15,10.893,10.929,11.11,10.803,38003.0,600987
393,2012-06-21,10.983,10.713,11.055,10.659,28233.0,600987
394,2012-06-29,10.713,10.389,10.749,10.173,33288.0,600987
395,2012-07-06,10.425,10.569,10.695,10.299,26771.0,600987
396,2012-07-13,10.533,10.137,10.551,10.083,41673.0,600987
397,2012-07-20,10.137,9.921,10.173,9.579,52438.0,600987
398,2012-07-27,9.831,9.777,9.975,9.669,32771.0,600987
399,2012-08-03,9.705,9.867,9.867,9.471,34910.0,600987
400,2012-08-10,9.921,10.731,10.929,9.885,97183.0,600987
401,2012-08-17,10.695,10.767,11.055,10.209,131779.0,600987
402,2012-08-24,10.677,11.434,11.74,10.533,166983.0,600987
403,2012-08-31,11.398,10.983,11.992,10.929,121209.0,600987
404,2012-09-07,10.947,11.434,11.65,10.911,97722.0,600987
405,2012-09-14,11.434,12.064,12.334,11.073,272768.0,600987
406,2012-09-21,11.974,11.488,12.496,11.344,143597.0,600987
407,2012-09-28,11.362,11.236,11.65,10.713,100083.0,600987
408,2012-10-12,11.272,11.92,12.154,11.164,106232.0,600987
409,2012-10-19,11.92,13.414,13.414,11.434,211908.0,600987
410,2012-10-26,13.666,14.026,16.133,13.504,1785565.0,600987
411,2012-11-02,13.81,13.36,14.675,12.784,854338.0,600987
412,2012-11-09,13.288,13.198,13.63,12.694,532264.0,600987
413,2012-11-16,13.162,12.172,13.378,11.92,374537.0,600987
414,2012-11-23,12.118,11.974,12.496,11.722,271367.0,600987
415,2012-11-30,11.848,11.236,12.208,10.857,271376.0,600987
416,2012-12-07,11.164,11.398,11.65,10.497,356623.0,600987
417,2012-12-14,11.326,11.956,11.992,11.272,421054.0,600987
418,2012-12-21,11.938,11.74,12.262,11.632,323821.0,600987
419,2012-12-28,11.704,12.856,13.144,11.596,489327.0,600987
420,2013-01-04,12.82,12.676,12.91,12.478,163582.0,600987
421,2013-01-11,12.676,12.334,13.09,12.298,341012.0,600987
422,2013-01-18,12.262,13.288,13.414,12.154,538234.0,600987
423,2013-01-25,13.288,12.406,13.396,12.01,312396.0,600987
424,2013-02-01,12.406,13.918,14.891,12.406,676591.0,600987
425,2013-02-08,13.936,14.549,14.765,13.414,437552.0,600987
426,2013-02-22,14.513,14.639,15.809,14.513,486997.0,600987
427,2013-03-01,14.693,15.467,15.611,14.387,313599.0,600987
428,2013-03-08,15.467,16.421,16.925,15.179,477042.0,600987
429,2013-03-15,16.133,19.41,19.806,15.953,821131.0,600987
430,2013-03-22,19.158,19.77,20.706,17.501,1283652.0,600987
431,2013-03-29,19.626,17.051,20.256,16.925,790656.0,600987
432,2013-04-03,16.853,16.241,17.556,16.097,243662.0,600987
433,2013-04-12,16.097,16.781,18.15,15.845,420091.0,600987
434,2013-04-19,16.385,17.574,17.736,16.061,254362.0,600987
435,2013-04-26,17.447,17.285,18.726,17.267,456287.0,600987
436,2013-05-03,17.465,18.42,18.582,17.285,103701.0,600987
437,2013-05-10,18.384,18.168,18.816,17.808,301368.0,600987
438,2013-05-17,18.24,19.122,19.302,17.808,381469.0,600987
439,2013-05-24,19.23,18.87,19.5,18.546,335990.0,600987
440,2013-05-31,18.906,19.806,19.986,18.798,338941.0,600987
441,2013-06-07,19.77,18.204,20.004,17.844,231991.0,600987
442,2013-06-14,17.916,17.79,18.24,17.375,67286.0,600987
443,2013-06-21,17.597,16.08,18.259,15.832,176288.0,600987
444,2013-06-28,16.107,14.921,16.245,13.046,439018.0,600987
445,2013-07-05,14.921,16.052,16.604,14.673,427179.0,600987
446,2013-07-12,15.832,15.556,16.383,15.087,266768.0,600987
447,2013-07-19,15.611,14.508,16.163,14.342,270392.0,600987
448,2013-07-26,14.48,14.508,15.335,13.956,204706.0,600987
449,2013-08-02,14.287,16.08,16.493,14.232,500555.0,600987
450,2013-08-09,15.969,17.404,17.817,15.914,535793.0,600987
451,2013-08-16,17.404,16.521,18.148,16.521,502967.0,600987
452,2013-08-23,16.466,16.687,17.128,16.356,194318.0,600987
453,2013-08-30,16.687,16.631,17.542,16.521,242112.0,600987
454,2013-09-06,16.714,16.769,17.486,16.521,190448.0,600987
455,2013-09-13,16.769,18.093,18.424,16.659,490542.0,600987
456,2013-09-18,18.093,17.486,18.534,16.962,320981.0,600987
457,2013-09-27,17.431,18.314,18.645,17.348,684527.0,600987
458,2013-09-30,18.341,18.286,18.59,18.121,106011.0,600987
459,2013-10-11,18.121,17.514,18.452,17.238,372173.0,600987
460,2013-10-18,17.514,17.211,18.203,17.183,374570.0,600987
461,2013-10-25,17.293,16.328,17.79,16.08,286921.0,600987
462,2013-11-01,16.273,15.832,16.466,15.032,198329.0,600987
463,2013-11-08,15.859,15.335,16.659,15.335,172872.0,600987
464,2013-11-15,15.307,15.887,15.942,14.811,205170.0,600987
465,2013-11-22,15.832,16.824,17.652,15.776,589429.0,600987
466,2013-11-29,16.824,16.769,17.018,16.273,229785.0,600987
467,2013-12-06,16.493,16.714,17.045,15.749,242918.0,600987
468,2013-12-13,16.769,16.576,17.238,16.438,193096.0,600987
469,2013-12-20,16.659,15.556,16.659,15.307,129467.0,600987
470,2013-12-27,15.473,15.39,15.832,15.032,111454.0,600987
471,2014-01-03,15.528,15.363,15.832,15.225,88295.0,600987
472,2014-01-10,15.307,14.452,15.307,14.452,105842.0,600987
473,2014-01-17,14.48,14.839,15.17,14.425,104004.0,600987
474,2014-01-24,14.839,15.418,15.445,14.701,122799.0,600987
475,2014-01-30,15.363,14.921,15.39,14.783,88270.0,600987
476,2014-02-07,14.811,15.059,15.087,14.783,25271.0,600987
477,2014-02-14,15.17,15.749,15.887,15.142,233356.0,600987
478,2014-02-21,15.749,15.804,16.356,15.445,284459.0,600987
479,2014-02-28,15.666,15.418,15.776,15.087,152163.0,600987
480,2014-03-07,15.363,15.363,15.942,15.335,153826.0,600987
481,2014-03-14,15.28,14.894,15.473,14.508,135794.0,600987
482,2014-03-21,14.866,15.583,15.721,14.866,205849.0,600987
483,2014-03-28,15.721,15.914,17.1,15.721,543635.0,600987
484,2014-04-04,15.997,16.356,16.521,15.721,214468.0,600987
485,2014-04-11,16.3,16.797,16.824,16.19,223850.0,600987
486,2014-04-18,16.962,16.907,17.128,16.576,243378.0,600987
487,2014-04-25,16.824,15.445,17.1,15.39,262002.0,600987
488,2014-04-30,15.473,15.638,15.859,15.335,98569.0,600987
489,2014-05-09,15.611,15.607,15.887,15.436,119881.0,600987
490,2014-05-16,15.779,15.607,16.008,15.579,96401.0,600987
491,2014-05-23,15.636,15.436,15.636,15.179,113508.0,600987
492,2014-05-30,15.55,15.35,15.665,15.236,84148.0,600987
493,2014-06-06,15.322,15.179,15.436,15.064,81444.0,600987
494,2014-06-13,15.207,15.436,15.464,15.064,107995.0,600987
495,2014-06-20,15.407,15.436,15.808,15.179,151171.0,600987
496,2014-06-27,15.379,15.722,15.836,15.379,132548.0,600987
497,2014-07-04,15.75,16.322,16.436,15.636,197706.0,600987
498,2014-07-11,16.265,16.236,17.008,16.065,441830.0,600987
499,2014-07-18,16.322,17.465,18.094,16.008,580717.0,600987
500,2014-07-25,17.894,19.695,20.61,17.866,1231359.0,600987
501,2014-08-01,19.695,22.01,22.639,19.638,882692.0,600987
502,2014-08-08,21.667,22.468,24.24,21.639,709522.0,600987
503,2014-08-15,22.582,22.382,23.383,21.696,621650.0,600987
504,2014-08-22,22.382,23.868,24.955,22.382,617849.0,600987
505,2014-08-29,23.954,23.583,25.584,23.125,591911.0,600987
506,2014-09-05,23.583,23.868,24.755,23.154,485534.0,600987
507,2014-09-12,23.84,23.297,24.211,23.154,373885.0,600987
508,2014-09-19,23.325,23.039,23.354,22.182,500281.0,600987
509,2014-09-26,22.982,22.182,23.125,21.982,392211.0,600987
510,2014-09-30,22.211,22.582,22.811,22.153,232395.0,600987
511,2014-10-10,22.668,23.726,24.154,22.582,467911.0,600987
512,2014-10-17,23.611,21.896,23.668,21.582,466245.0,600987
513,2014-10-24,22.439,24.297,25.526,22.296,1031144.0,600987
514,2014-10-31,24.269,24.869,25.383,23.039,1028511.0,600987
515,2014-11-07,24.812,23.497,25.098,23.383,510656.0,600987
516,2014-11-14,23.525,24.297,25.212,22.525,566160.0,600987
517,2014-11-21,24.383,26.384,26.813,24.211,767850.0,600987
518,2014-11-28,26.47,29.3,29.585,26.012,1097398.0,600987
519,2014-12-05,29.271,26.527,31.243,25.755,1434434.0,600987
520,2014-12-12,26.441,28.585,29.1,26.155,727543.0,600987
521,2014-12-19,28.328,26.641,28.899,25.755,491286.0,600987
522,2014-12-26,26.641,26.012,26.641,25.155,287560.0,600987
523,2014-12-31,25.955,24.44,25.984,23.868,204113.0,600987
524,2015-01-09,24.354,25.241,26.27,24.354,295284.0,600987
525,2015-01-16,25.269,25.755,26.098,24.154,207936.0,600987
526,2015-01-23,25.155,26.641,27.241,24.554,356501.0,600987
527,2015-01-30,26.613,27.327,29.3,26.384,559530.0,600987
528,2015-02-04,27.156,28.728,29.328,26.355,404905.0,600987
529,2015-02-13,30.586,30.386,31.615,29.328,641567.0,600987
530,2015-02-17,30.386,31.758,32.072,30.071,725757.0,600987
531,2015-02-27,32.187,32.358,34.188,31.901,581774.0,600987
532,2015-03-06,32.358,31.215,34.016,31.158,841993.0,600987
533,2015-03-13,30.872,31.329,31.929,30.1,582149.0,600987
534,2015-03-20,31.272,35.36,36.36,31.158,1218778.0,600987
535,2015-03-27,35.388,36.274,37.16,33.759,1036508.66,600987
536,2015-04-03,36.589,38.818,39.018,35.76,907042.0,600987
537,2015-04-10,38.79,41.62,42.306,37.704,810838.0,600987
538,2015-04-17,42.306,43.506,47.68,41.22,1075576.0,600987
539,2015-04-24,42.877,41.705,44.107,41.162,865868.0,600987
540,2015-04-30,41.791,41.934,43.163,40.734,500976.0,600987
541,2015-05-08,41.934,39.304,43.849,36.732,697287.0,600987
542,2015-05-15,40.019,39.91,40.734,38.59,669375.0,600987
543,2015-05-22,39.619,46.208,46.585,39.039,927496.0,600987
544,2015-05-29,45.482,46.295,52.129,42.928,1599316.0,600987
545,2015-06-05,46.44,54.625,54.741,45.947,1396771.0,600987
546,2015-06-12,54.277,57.209,59.269,52.332,1371872.0,600987
547,2015-06-19,57.325,47.543,57.847,46.585,826678.0,600987
548,2015-06-26,47.166,41.158,49.633,41.158,453891.0,600987
549,2015-07-03,41.796,29.228,42.377,29.228,845763.0,600987
550,2015-07-10,32.16,28.212,32.16,23.22,1370029.0,600987
551,2015-07-17,31.028,36.63,36.63,29.17,1277317.0,600987
552,2015-07-24,37.442,38.197,40.345,36.31,982664.0,600987
553,2015-07-31,37.268,35.991,38.749,31.492,630577.0,600987
554,2015-08-07,35.324,38.313,38.4,32.798,481812.0,600987
555,2015-08-14,38.981,40.984,43.189,38.023,668027.0,600987
556,2015-08-21,40.2,35.091,40.751,33.988,535325.0,600987
557,2015-08-28,32.653,33.379,33.553,27.022,530219.0,600987
558,2015-09-02,33.089,27.661,33.089,26.413,268883.0,600987
559,2015-09-11,27.951,30.709,32.073,27.951,313603.0,600987
560,2015-09-18,30.883,28.445,31.115,25.397,326655.0,600987
561,2015-09-25,28.154,28.59,30.854,27.98,273198.0,600987
562,2015-09-30,28.183,28.938,29.664,28.183,113026.0,600987
563,2015-10-09,30.186,30.476,30.651,29.548,119131.0,600987
564,2015-10-16,30.593,34.511,34.714,30.505,402090.0,600987
565,2015-10-23,34.337,35.498,37.442,33.379,532457.0,600987
566,2015-10-30,36.252,36.63,37.53,34.569,439877.0,600987
567,2015-11-06,35.991,38.255,38.691,35.643,463366.0,600987
568,2015-11-13,38.197,35.759,38.72,35.643,605195.0,600987
569,2015-11-20,35.033,39.155,39.619,34.975,1202583.0,600987
570,2015-11-27,39.155,34.975,39.706,34.83,600905.0,600987
571,2015-12-04,35.266,35.527,36.252,33.321,320074.0,600987
572,2015-12-11,35.469,34.105,36.049,33.901,219569.0,600987
573,2015-12-18,33.727,36.427,37.297,33.727,313411.0,600987
574,2015-12-25,36.456,37.442,38.226,35.991,466194.0,600987
575,2015-12-31,37.501,38.081,39.619,36.136,462786.0,600987
576,2016-01-08,37.878,33.234,38.168,31.347,310420.0,600987
577,2016-01-15,32.653,29.896,33.495,29.315,260360.0,600987
578,2016-01-22,29.054,29.054,31.26,28.154,241881.0,600987
579,2016-01-29,29.286,26.152,29.577,24.526,308352.0,600987
580,2016-02-05,25.89,28.183,28.822,25.716,256110.0,600987
581,2016-02-19,27.313,30.476,31.202,26.877,387134.0,600987
582,2016-02-26,31.086,37.326,39.939,30.476,1550169.0,600987
583,2016-03-04,35.701,38.168,43.044,33.582,1913038.0,600987
584,2016-03-11,38.894,37.791,42.086,36.34,1082043.0,600987
585,2016-03-18,39.184,43.218,44.844,38.458,1359992.0,600987
586,2016-03-25,43.857,42.464,45.221,40.635,969072.0,600987
587,2016-04-01,43.335,40.635,43.828,40.026,686802.0,600987
588,2016-04-08,41.129,40.664,44.379,40.49,518698.0,600987
589,2016-04-15,40.78,45.773,48.124,40.78,930989.0,600987
590,2016-04-22,45.976,38.865,46.411,37.471,844583.0,600987
591,2016-04-29,39.503,36.775,39.503,35.991,545750.0,600987
592,2016-05-06,37.036,35.469,38.807,35.295,454732.0,600987
593,2016-05-13,35.295,36.02,36.252,32.247,553749.0,600987
594,2016-05-20,35.44,34.454,37.065,33.329,368458.0,600987
595,2016-05-27,34.484,34.898,36.112,32.945,360207.0,600987
596,2016-06-03,34.217,37.977,38.924,33.596,527809.0,600987
597,2016-06-08,38.154,36.941,38.598,36.408,196683.0,600987
598,2016-06-17,36.289,35.135,36.467,33.655,332405.0,600987
599,2016-06-24,35.52,35.017,36.497,33.773,294335.0,600987
600,2016-07-01,34.395,36.201,36.497,34.365,238783.0,600987
601,2016-07-08,36.319,39.309,40.404,36.201,794397.0,600987
602,2016-07-15,39.309,39.989,41.114,37.829,577378.0,600987
603,2016-07-22,40.197,38.687,40.197,38.421,243057.0,600987
604,2016-07-29,38.717,40.581,41.588,36.881,480834.0,600987
605,2016-08-05,40.137,38.006,41.262,37.858,486693.0,600987
606,2016-08-12,38.065,37.089,38.894,36.497,416731.0,600987
607,2016-08-19,37.148,37.444,38.006,36.674,538900.0,600987
608,2016-08-26,37.533,36.793,37.947,36.349,301748.0,600987
609,2016-09-02,36.793,36.26,37.266,36.23,192397.0,600987
610,2016-09-09,36.674,36.911,37.237,35.993,323970.0,600987
611,2016-09-14,37.207,36.556,39.013,36.526,628452.0,600987
612,2016-09-23,36.615,36.585,37.0,36.112,383874.0,600987
613,2016-09-30,36.467,35.283,36.645,34.513,249263.0,600987
614,2016-10-14,35.52,36.733,36.852,35.52,293723.0,600987
615,2016-10-21,36.852,36.082,36.97,35.875,290286.0,600987
616,2016-10-28,36.082,36.408,36.941,36.082,267752.0,600987
617,2016-11-04,36.289,36.378,36.763,35.579,312907.0,600987
618,2016-11-11,36.289,36.585,36.615,35.609,308410.0,600987
619,2016-11-18,36.674,36.763,37.444,36.645,381874.0,600987
620,2016-11-25,36.645,37.562,38.421,36.467,584944.0,600987
621,2016-12-02,37.503,36.378,38.657,36.26,592961.0,600987
622,2016-12-09,36.26,37.148,37.266,35.993,256174.0,600987
623,2016-12-16,37.266,36.053,37.533,35.609,316943.0,600987
624,2016-12-23,36.112,35.342,36.289,34.869,229117.0,600987
625,2016-12-30,35.224,36.526,36.852,34.957,230557.0,600987
626,2017-01-06,36.437,36.645,36.763,36.201,209283.0,600987
627,2017-01-13,36.674,34.898,36.793,34.78,184333.0,600987
628,2017-01-20,34.928,34.484,34.928,33.211,181355.0,600987
629,2017-01-26,34.573,35.461,35.727,34.395,155578.0,600987
630,2017-02-03,35.549,35.017,35.549,34.928,25157.0,600987
631,2017-02-10,35.017,36.733,37.148,35.017,312839.0,600987
632,2017-02-17,36.585,36.615,37.681,36.201,208538.0,600987
633,2017-02-24,36.437,37.473,38.273,36.141,412436.0,600987
634,2017-03-03,37.562,37.207,37.74,36.615,232025.0,600987
635,2017-03-10,37.888,37.592,38.687,37.177,317125.0,600987
636,2017-03-17,37.533,37.325,38.036,37.0,229975.0,600987
637,2017-03-24,37.296,38.717,39.279,36.763,573747.0,600987
638,2017-03-31,38.657,39.693,39.753,38.509,362693.0,600987
639,2017-04-07,39.812,39.93,40.493,39.427,222714.0,600987
640,2017-04-14,39.753,39.042,39.93,38.598,379947.0,600987
641,2017-04-21,39.072,36.941,40.078,36.852,388166.0,600987
642,2017-04-28,36.733,36.467,37.296,35.313,257070.0,600987
643,2017-05-05,36.467,35.579,36.674,35.549,123650.0,600987
644,2017-05-12,35.401,35.105,35.49,34.336,127190.0,600987
645,2017-05-19,35.313,36.112,36.556,34.691,128375.0,600987
646,2017-05-26,35.964,36.141,37.148,35.135,145523.0,600987
647,2017-06-02,36.467,36.378,36.97,35.773,92370.0,600987
648,2017-06-09,36.469,38.011,38.192,36.469,148924.0,600987
649,2017-06-16,37.618,37.678,38.101,36.831,118219.0,600987
650,2017-06-23,38.041,37.164,38.071,36.65,117304.0,600987
651,2017-06-30,37.224,39.19,39.281,37.194,200120.0,600987
652,2017-07-07,39.16,38.918,40.127,38.222,274954.0,600987
653,2017-07-14,38.736,37.466,39.553,37.376,191058.0,600987
654,2017-07-21,37.769,38.797,39.402,36.741,315022.0,600987
655,2017-07-28,38.676,38.283,39.583,37.436,317417.0,600987
656,2017-08-04,38.162,40.551,43.514,37.89,1390698.0,600987
657,2017-08-11,40.823,40.248,43.635,39.644,824526.0,600987
658,2017-08-18,40.4,40.218,41.125,39.13,493498.0,600987
659,2017-08-25,40.218,39.099,40.46,38.162,405192.0,600987
660,2017-09-01,39.039,39.402,41.67,38.827,650053.0,600987
661,2017-09-08,39.16,38.767,39.916,38.676,346538.0,600987
662,2017-09-15,38.857,38.948,39.19,38.192,284580.0,600987
663,2017-09-22,38.948,36.438,39.523,35.954,616270.0,600987
664,2017-09-29,36.317,36.166,36.831,35.259,252637.0,600987
665,2017-10-13,36.378,36.348,37.104,35.894,261402.0,600987
666,2017-10-20,36.408,36.075,36.469,35.38,176612.0,600987
667,2017-10-27,36.075,36.892,37.345,35.924,317626.0,600987
668,2017-11-03,36.801,33.959,36.831,33.596,273764.0,600987
669,2017-11-10,33.989,35.833,36.075,33.989,264922.0,600987
670,2017-11-17,35.894,34.745,36.106,34.594,165959.0,600987
671,2017-11-24,34.624,34.231,35.017,33.686,149487.0,600987
672,2017-12-01,34.231,34.503,35.471,33.928,117120.0,600987
673,2017-12-08,34.412,34.563,34.684,33.898,114978.0,600987
674,2017-12-15,34.412,33.384,34.412,33.233,151155.0,600987
675,2017-12-22,33.535,33.112,33.807,32.568,148708.0,600987
676,2017-12-29,33.112,34.11,34.654,32.386,157807.0,600987
677,2018-01-05,34.17,35.138,35.531,34.019,197898.0,600987
678,2018-01-12,35.078,34.594,36.045,34.503,196277.0,600987
679,2018-01-19,34.684,34.049,34.896,33.838,156276.0,600987
680,2018-01-26,33.928,34.231,34.291,33.807,156341.0,600987
681,2018-02-02,34.291,33.445,34.836,32.114,242034.0,600987
682,2018-02-09,33.142,32.537,33.293,31.781,183556.0,600987
683,2018-02-14,32.416,33.051,33.807,32.084,67323.0,600987
684,2018-02-23,33.475,33.596,33.868,33.082,40112.0,600987
685,2018-03-02,33.807,34.987,35.35,32.961,211856.0,600987
686,2018-05-25,34.088,33.406,36.009,33.158,219172.0,600987
687,2018-06-01,33.437,31.423,33.716,29.936,184623.0,600987
688,2018-06-08,31.485,31.795,33.158,31.485,84994.0,600987
689,2018-06-15,31.857,31.826,32.539,31.268,98008.0,600987
690,2018-06-22,31.485,29.502,31.95,28.51,117365.0,600987
691,2018-06-29,29.409,29.285,29.998,28.727,86375.0,600987
692,2018-07-06,29.161,27.487,29.688,26.651,109096.0,600987
693,2018-07-13,27.27,27.642,28.758,26.558,108644.0,600987
694,2018-07-20,27.487,27.487,28.231,27.332,56832.0,600987
695,2018-07-27,26.992,28.944,29.161,26.992,89820.0,600987
696,2018-08-03,28.944,26.93,29.223,26.806,85591.0,600987
697,2018-08-10,26.837,28.727,28.882,26.589,93463.0,600987
698,2018-08-17,28.541,27.611,29.378,27.487,139503.0,600987
699,2018-08-24,27.89,28.541,29.161,27.735,117122.0,600987
700,2018-08-29,28.758,29.688,29.998,28.541,77545.0,600987
701,2018-09-07,29.13,28.634,29.843,27.89,71539.0,600987
702,2018-09-14,28.789,27.611,28.789,27.301,100342.0,600987
703,2018-09-21,27.518,28.076,28.138,26.62,115958.0,600987
704,2018-09-28,27.89,27.673,29.223,27.332,114438.0,600987
705,2018-10-12,27.642,24.946,27.642,24.172,140253.0,600987
706,2018-10-19,25.008,24.884,25.566,23.707,109584.0,600987
707,2018-10-26,25.039,25.411,25.814,23.893,118030.0,600987
708,2018-11-02,25.101,26.434,26.682,24.915,103053.0,600987
709,2018-11-09,26.527,27.518,27.735,26.279,124358.0,600987
710,2018-11-16,27.456,28.324,28.758,27.085,116622.0,600987
711,2018-11-23,28.262,26.775,28.665,26.713,166985.0,600987
712,2018-11-30,26.403,27.178,27.425,26.403,99681.0,600987
713,2018-12-07,27.487,27.085,27.921,26.837,120721.0,600987
714,2018-12-14,27.147,26.248,27.363,26.124,92529.0,600987
715,2018-12-21,26.496,25.442,26.682,23.831,91658.0,600987
716,2018-12-28,25.287,25.349,25.876,24.543,96422.0,600987
717,2019-01-04,25.566,25.008,25.597,24.172,73622.0,600987
718,2019-01-11,25.349,25.721,25.721,25.008,85696.0,600987
719,2019-01-18,25.783,25.473,26.217,25.287,84042.0,600987
720,2019-01-25,25.504,25.597,26.031,25.442,85800.0,600987
721,2019-02-01,25.659,26.031,26.124,25.411,100391.0,600987
722,2019-02-15,26.062,27.301,27.766,26.062,141625.0,600987
723,2019-02-22,27.363,27.611,28.045,26.961,118772.0,600987
724,2019-03-01,27.673,28.045,28.696,27.673,268359.0,600987
725,2019-03-08,28.138,27.332,29.037,27.239,497124.0,600987
726,2019-03-15,27.332,28.138,28.479,27.208,347717.0,600987
727,2019-03-22,28.169,31.175,31.671,27.89,631179.0,600987
728,2019-03-29,30.369,33.437,34.212,30.214,735319.0,600987
729,2019-04-04,33.871,37.063,38.551,33.778,823484.0,600987
730,2019-04-12,39.542,34.925,39.573,34.615,781611.0,600987
731,2019-04-19,35.545,35.73,36.691,34.491,265583.0,600987
732,2019-04-26,36.288,33.84,36.536,33.499,229128.0,600987
733,2019-04-30,33.871,33.375,34.46,32.941,71315.0,600987
734,2019-05-10,32.26,31.888,32.477,30.431,223638.0,600987
735,2019-05-17,31.516,21.166,32.818,20.918,182674.0,600987
736,2019-05-24,21.104,21.383,21.878,19.864,232366.0,600987
737,2019-05-31,21.94,20.484,21.94,20.453,219326.0,600987
738,2019-06-06,20.484,19.368,20.577,19.182,121601.0,600987
739,2019-06-14,19.585,20.36,21.228,19.213,167154.0,600987
740,2019-06-21,20.391,20.732,20.949,19.647,157954.0,600987
741,2019-06-28,20.67,20.484,21.073,20.236,116673.0,600987
742,2019-07-05,20.763,21.073,21.383,20.732,119012.0,600987
743,2019-07-12,21.042,20.577,21.042,20.081,86835.0,600987
744,2019-07-19,20.639,20.267,20.701,19.988,115467.0,600987
745,2019-07-26,20.236,19.988,20.453,19.678,79548.0,600987
746,2019-08-02,20.422,19.585,20.422,19.523,110203.0,600987
747,2019-08-09,19.585,18.903,19.957,18.129,190556.0,600987
748,2019-08-16,18.903,18.903,19.647,18.532,138943.0,600987
749,2019-08-23,18.965,18.996,19.957,18.903,247181.0,600987
750,2019-08-30,18.748,18.563,19.058,18.501,224585.0,600987
751,2019-09-06,18.594,19.182,19.368,18.501,238388.0,600987
752,2019-09-12,19.399,20.05,20.298,19.275,204657.0,600987
753,2019-09-20,20.05,19.802,20.484,19.368,249988.0,600987
754,2019-09-27,19.616,18.965,19.802,18.903,118983.0,600987
755,2019-09-30,19.089,18.81,19.089,18.779,14287.0,600987
756,2019-10-11,18.996,19.523,19.585,18.47,160496.0,600987
757,2019-10-18,19.554,19.926,20.391,19.492,268284.0,600987
758,2019-10-25,19.926,18.934,19.957,18.655,212066.0,600987
759,2019-11-01,18.996,18.686,19.151,18.408,292476.0,600987
760,2019-11-08,18.625,19.585,20.019,18.532,364427.0,600987
761,2019-11-15,19.368,18.965,19.43,18.717,176131.0,600987
762,2019-11-22,18.841,18.748,19.027,18.686,146196.0,600987
763,2019-11-29,18.779,18.594,18.965,18.408,146535.0,600987
764,2019-12-06,18.625,19.089,19.151,18.346,229118.0,600987
765,2019-12-13,19.089,19.337,19.554,18.996,235204.0,600987
766,2019-12-20,19.399,19.43,19.895,19.275,201712.0,600987
767,2019-12-27,19.554,19.213,19.554,18.903,157464.0,600987
768,2020-01-03,19.213,20.794,21.011,19.12,276353.0,600987
769,2020-01-10,20.639,21.104,21.568,20.484,346429.0,600987
770,2020-01-17,20.763,21.104,21.476,20.732,154850.0,600987
771,2020-01-23,21.104,19.523,21.537,19.244,195519.0,600987
772,2020-02-07,17.571,18.996,19.12,17.323,376817.0,600987
773,2020-02-14,18.872,18.284,18.996,18.098,247787.0,600987
774,2020-02-21,18.222,19.12,19.275,18.222,298741.0,600987
775,2020-02-28,19.12,18.501,19.554,18.315,328541.0,600987
776,2020-03-06,18.563,20.546,21.352,18.501,625146.0,600987
777,2020-03-13,20.453,18.655,20.856,18.16,487413.0,600987
778,2020-03-20,18.841,17.416,18.872,16.827,410477.0,600987
779,2020-03-27,17.044,17.075,17.385,16.331,269395.0,600987
780,2020-04-03,16.889,17.292,17.478,16.486,173329.0,600987
781,2020-04-10,17.509,17.323,17.85,17.292,128344.0,600987
782,2020-04-17,17.292,17.044,17.54,16.982,124433.0,600987
783,2020-04-24,17.013,16.951,17.199,16.796,132548.0,600987
784,2020-04-30,16.827,16.951,17.23,16.486,87006.0,600987
785,2020-05-08,16.951,17.044,17.137,16.858,95006.0,600987
786,2020-05-15,17.044,16.858,17.199,16.641,143998.0,600987
787,2020-05-22,16.858,17.54,18.717,16.796,312988.0,600987
788,2020-05-29,17.509,16.455,19.058,15.99,407514.0,600987
789,2020-06-05,16.455,17.106,19.058,16.331,456333.0,600987
790,2020-06-12,17.137,16.672,17.323,16.362,140276.0,600987
791,2020-06-19,16.672,16.858,16.92,16.424,143491.0,600987
792,2020-06-24,16.827,16.548,16.889,16.517,73710.0,600987
793,2020-07-03,16.579,17.044,17.106,16.393,237237.0,600987
794,2020-07-10,17.106,17.85,18.284,17.075,495143.0,600987
795,2020-07-17,17.85,17.199,18.346,17.013,363639.0,600987
796,2020-07-24,17.323,17.292,18.098,17.044,264298.0,600987
797,2020-07-31,17.044,17.881,18.748,16.765,501690.0,600987
798,2020-08-07,17.881,18.222,18.532,17.571,495018.0,600987
799,2020-08-14,18.284,17.912,18.903,17.633,421614.0,600987
800,2020-08-21,17.881,18.005,18.222,17.695,268626.0,600987
801,2020-08-28,18.129,17.819,18.129,17.447,216665.0,600987
802,2020-09-04,17.788,18.067,18.129,17.602,225192.0,600987
803,2020-09-11,18.067,17.54,18.408,17.292,279600.0,600987
804,2020-09-18,17.602,17.54,17.757,17.292,125210.0,600987
805,2020-09-25,17.54,16.703,17.602,16.548,126615.0,600987
806,2020-09-30,16.641,16.517,16.734,16.393,55153.0,600987
